{
  "IsEncrypted": false,
  "FUNCTIONS_WORKER_RUNTIME": "dotnet",
  "Values": {
    "AzureWebJobsStorage": "DefaultEndpointsProtocol=https;AccountName=azurefunctionscookbooks;AccountKey=TxhVTtYr4afPG7VbRJLwiU35JXQsU2By9I9CM43pUTCTDRDTvqJss8zsQe/d3zXdZE336X1EfiELvI0d5zCkBw==;EndpointSuffix=core.windows.net",
    "AzureWebJobsDashboard": "UseDevelopmentStorage=true",
    "MyAppSetting": "Hello! i'm a value from App Setting"
  },
  "ConnectionStrings": {
    "sqldb_connection": "connection_string_here"
  }
}